face,fans,mids,name
http://i1.hdslb.com/bfs/face/2182d21ff5ae520f392f55b59022bc17f43b4943.jpg,3751434,17409016,爱做饭的芋头SAMA
http://i1.hdslb.com/bfs/face/90d81ca398508963069f1918df0ff37b3e3b22d2.jpg,2689006,7552204,啊吗粽
http://i1.hdslb.com/bfs/face/b0647a111d44d291846f86d2a18635c1ea7b0170.jpg,1862236,38351330,阿幕降临
http://i0.hdslb.com/bfs/face/3b88fe7002977287d2d8f177c848759093bca631.jpg,1404831,22141287,波桑吃遍世界
http://i2.hdslb.com/bfs/face/93f3d5d1085357565a4c2e4ac151104ac3d783ac.jpg,2924747,113362335,宝剑嫂
http://i0.hdslb.com/bfs/face/a54f87229c4376f55286fb3b993c373c225cf15c.jpg,2029341,3682229,长歌与小见见
http://i1.hdslb.com/bfs/face/e8ab7b02d6576f4141ea857734b68b9dd35a5730.jpg,2997223,585267,-纯黑-
http://i1.hdslb.com/bfs/face/d895bb83306a81d36464627195739fff00150ddd.jpg,1530105,94114029,吃货请闭眼
http://i2.hdslb.com/bfs/face/d84aa8a136dc444a8a5c7885404c076a348b4608.jpg,1297742,216623621,吃货明3
http://i0.hdslb.com/bfs/face/2a4c1b3c2d8f48a58c5f818287c90a6ea78d7907.jpg,1534620,19071708,潮汕好男人
http://i1.hdslb.com/bfs/face/34d7ccfe7fbfe16e2e764b7bd543d1bb566ff208.jpg,2710531,2403047,嘟督不噶油
http://i0.hdslb.com/bfs/face/b5d293699ff81a42c52ac8edcad4781ae65ef6ef.jpg,1674420,234256,逗川kshadow
http://i1.hdslb.com/bfs/face/89975e4a5de742d5cd84c04f21a7402e6d9f3a38.jpg,2679776,285499073,东尼ookii
http://i0.hdslb.com/bfs/face/6b2ade215ea603b495648875c925172a863d16d4.jpg,2890554,17819768,电影最TOP
http://i2.hdslb.com/bfs/face/c7fb5da587c2ec6b56ad47579933fda34c000457.jpg,3022011,99157282,盗月社食遇记
http://i1.hdslb.com/bfs/face/440968b6694576e931ed4ec61d699029d82bcbaa.jpg,1088210,40966108,倒悬的橘子
http://i0.hdslb.com/bfs/face/1b1fbd26ca19e309425ba58c46822b04a20bdf17.jpg,3806616,2920960,大祥哥来了
http://i1.hdslb.com/bfs/face/693a38a4377816d934d7bd32969508ea45e13769.jpg,1466020,1918296,丰兄来了
http://i2.hdslb.com/bfs/face/b6c4669d05df92eb45a410ba1ceb1bba34873f1e.jpg,1371742,72270557,芳斯塔芙
http://i0.hdslb.com/bfs/face/5f60d345059b82f0878984d9f9133f45b33b82be.jpg,2924818,63231,泛式
http://i2.hdslb.com/bfs/face/df188387360d6ad90f9e36ac4aaea68ed9f3c9be.jpg,2910276,4474705,孤独的美食基
http://i2.hdslb.com/bfs/face/c3939771b1544cad8cbdad69fc1d39e6ed244473.jpg,1302536,216025,尕丶天堂
http://i1.hdslb.com/bfs/face/86ef6895a8f88c80f2885e7eb9ba7989db437b93.jpg,3860755,2206456,花少北丶
http://i0.hdslb.com/bfs/face/1871c834255ffea531f699164e70f0daebc7558b.jpg,2959552,9008159,花花与三猫CatLive
http://i0.hdslb.com/bfs/face/31706c82949b3ba4756a411825c3f16aeb14ad44.jpg,2198725,43536,黑桐谷歌
http://i2.hdslb.com/bfs/face/17550b299af458ded02ed532814484054b2ded81.jpg,1332811,14254182,黑椒墨鱼
http://i2.hdslb.com/bfs/face/30e515fc2ff5435a5cfb31c289e0bcef860bad1c.jpg,1646261,7792521,还有一天就放假了
http://i0.hdslb.com/bfs/face/896ce1280451c6bb0dee136466549c72f83466c0.jpg,1215931,36825256,槐安遗梦
http://i0.hdslb.com/bfs/face/2e25812e0ba75174c07fe9b61e68e20c66e89499.jpg,1383012,3379951,ilem
http://i2.hdslb.com/bfs/face/fd8d7ad17af295f7c4256959705f009c5f67e9c6.jpg,8632974,9824766,敬汉卿
http://i0.hdslb.com/bfs/face/153e9db576adb7e2a4fb6bd3d2d59befca57e12d.jpg,1888944,104207471,杰里德Jared
http://i1.hdslb.com/bfs/face/9ba6c7a0d3a2ebfe9db2f46219ece98e210d0269.jpg,4088462,337521240,记录生活的蛋黄派
http://i0.hdslb.com/bfs/face/d0f7a7ee34a4a45c8390eb3a07e4d7f2d70bae91.jpg,1342777,25876945,极客湾Geekerwan
http://i2.hdslb.com/bfs/face/f6652b5923648c0555029f6f96d79206c33dccd6.jpg,5847862,466272,机智的党妹
http://i2.hdslb.com/bfs/face/5076846bb07c2d6ec442856f69214cae215301f3.jpg,1514725,1893045,狂风桑
http://i0.hdslb.com/bfs/face/2938291dc4140eb447134069acb87740c8677041.jpg,2869691,3766866,科技美学
http://i2.hdslb.com/bfs/face/f5694c95af22cfe15189a61d9874414128f1781b.jpg,1864051,279991456,靠谱电竞
http://i0.hdslb.com/bfs/face/a3ab41c36338b39e5510fb2c23ff9d5e99989869.jpg,3538761,16794231,靠脸吃饭的徐大王
http://i0.hdslb.com/bfs/face/53fe99adfca8d78e0ebc569a52d32116cfd11eaf.jpg,1427506,10345615,Kevin英语情报局
http://i0.hdslb.com/bfs/face/ec3456e625a0c9ab7064264e927e85fa05dfe9bd.jpg,1396898,16853896,kei和marin
http://i0.hdslb.com/bfs/face/6966384b2e650483690067d01a60aba28db17e73.jpg,1627819,423442,KBShinya
http://i2.hdslb.com/bfs/face/d17aa0c24761cddf20f12596c45d333556f62cd7.jpg,2636073,51896064,罗汉解说
http://i1.hdslb.com/bfs/face/145226ff2d32d7c99b8ea3591ffec2f38fc9d3d3.jpg,2746548,79061224,刘老师说电影
http://i2.hdslb.com/bfs/face/28f95c383f2805dbed32e93007c91ccfda28775f.jpg,2452699,282994,泠鸢yousa
http://i1.hdslb.com/bfs/face/e0cc906bb531195e9ee9f3b575effdd2b056eaea.jpg,6514607,14110780,凉风Kaze
http://i0.hdslb.com/bfs/face/1fb779ed26c192e6451a1038772c5c3492c7f957.jpg,2459556,19642758,力元君
http://i1.hdslb.com/bfs/face/01b96e872a5b0df74e66b94126e13a78cb6f9b74.jpg,1931838,279583114,老坛胡说
http://i2.hdslb.com/bfs/face/346d9c5e919a991216f4f5a950fb7b73cdd22fff.jpg,4470913,163637592,老师好我叫何同学
http://i2.hdslb.com/bfs/face/bc5ca101313d4db223c395d64779e76eb3482d60.jpg,11754521,546195,老番茄
http://i1.hdslb.com/bfs/face/8a8812e0a9bb3adda90044ef48830584e1efe7a2.jpg,2787650,250111460,蜡笔和小勋
http://i1.hdslb.com/bfs/face/e2b81e724f9525f7ac42aef722283ef02c43f0af.jpg,1893531,11870568,拉宏桑
http://i0.hdslb.com/bfs/face/2996e22a24eed2d7767e452627a9130207defe6a.jpg,8467526,777536,LexBurner
http://i2.hdslb.com/bfs/face/e922d9dc09a2d21f1400ad0f02f75ecf1b3575c8.jpg,4401059,927587,木鱼水心
http://i1.hdslb.com/bfs/face/ede5e9251614c89c5c19a163a9bfde9a3913e115.jpg,5456078,1577804,某幻君
http://i2.hdslb.com/bfs/face/992621cdec55c79616cb2923ff37c5ee9ae8cc32.jpg,1837280,2374194,墨韵Moyun
http://i0.hdslb.com/bfs/face/54b5c9c2ad7f1baff195090bfd6afa365ef20c37.jpg,4450105,18202105,绵羊料理
http://i1.hdslb.com/bfs/face/5c5388e232ad5bfc1138e22a66e21a54b09262a6.jpg,1047860,24314825,猫店
http://i1.hdslb.com/bfs/face/92d75c347df9a50cdd691b6c62dafff93138be8e.jpg,1529153,17546432,马壮实Hera
http://i1.hdslb.com/bfs/face/c63ebeed7d49967e2348ef953b539f8de90c5140.jpg,3249432,7487399,努力的Lorre
http://i2.hdslb.com/bfs/face/0a8638b34173708fcf979bd1166fbb7fdb1110a4.jpg,4163857,6574487,纳豆奶奶
http://i2.hdslb.com/bfs/face/6ed036381a0d0a86714816ac393dd9bf1b0bef21.jpg,1345354,6171645,OELoop
http://i0.hdslb.com/bfs/face/550121f5c2c5d02b35ee525064dcd4c2612b26ea.jpg,2317893,423895,怕上火暴王老菊
http://i0.hdslb.com/bfs/face/5bbbd15f835147548c5f799fb4a161ea049a37d1.jpg,1093194,8034163,浅澄月
http://i1.hdslb.com/bfs/face/7276d12fc6ca7df714f47a4f573d3e8aeaa52301.jpg,1513631,515993,枪弹轨迹
http://i0.hdslb.com/bfs/face/d2675df40673afe458ce7eca7bdf4fdc84555a6c.jpg,3318393,1565155,起小点是大腿
http://i2.hdslb.com/bfs/face/8f1ef74e51066f01bc18cc2275366857b09293f5.jpg,1140119,5293668,齐天大肾余潇洒
http://i2.hdslb.com/bfs/face/4baee8d57ac73bf01cc8388f113c772468737f8f.jpg,1766469,284120,三无Marblue
http://i0.hdslb.com/bfs/face/c80d5f5bd3678a83334f2d868d754fc4a86e86b3.jpg,1137703,1950209,水一大魔王
http://i0.hdslb.com/bfs/face/83c4f8195d79b33839fccb6b62ce60c43f6e370c.jpg,1587835,37946996,守护茶茶
http://i1.hdslb.com/bfs/face/b8a75ae7d2a0e2af1d36ca9f1084d850eebb28e3.jpg,3856392,280793434,手工耿
http://i0.hdslb.com/bfs/face/71d8b38d96ec67a06ff87359a29418dd944c60b1.jpg,1261528,257975429,十音Shiyin
http://i1.hdslb.com/bfs/face/0e6854af41aa8a030c368e0779b8803b3e79941b.jpg,5057695,4162287,渗透之C君
http://i2.hdslb.com/bfs/face/e7c191e9be6764107415069b36f7d9564f149c86.gif,1909689,3380239,神奇的老皮
http://i2.hdslb.com/bfs/face/cdb729f3b5cb6dc9a0cb7cc9b8c63aebf1bc5b6b.jpg,1970544,295711424,神秘店长A
http://i1.hdslb.com/bfs/face/b4b829bce2bb01c89a62a85e4d422e3d3abd0ae3.jpg,2622173,1643718,山下智博
http://i2.hdslb.com/bfs/face/c43e6cab13c9a0303cf8476cfd405cff61195726.jpg,1498126,7349,STN工作室
http://i1.hdslb.com/bfs/face/d073dbd50b729138f7253f3258ac6ef67bddd741.jpg,2180485,10462362,天天卡牌
http://i0.hdslb.com/bfs/face/6182455e4d61159121c223ddc7a3a381f2d4d056.jpg,5383181,176037767,我是郭杰瑞
http://i2.hdslb.com/bfs/face/4b3bdd3188d7b8b9200e16c70cba01c25b818a26.jpg,1551439,4408538,我是怪异君
http://i2.hdslb.com/bfs/face/3eff13aab8490d45639dfb3d5cadf44a088f0ed7.jpg,1932539,265059948,温柔JUNZ
http://i2.hdslb.com/bfs/face/2a7ce63d91e613c4f58332dd01a5f2ac2c1ad788.jpg,3561746,32820037,歪果仁研究协会
http://i2.hdslb.com/bfs/face/022ed8d37575bebe32346ba210395f9fe98a6a10.jpg,4814366,13354765,徐大虾咯
http://i0.hdslb.com/bfs/face/17323892be2e17b50acadb89b2e385b493f5fb4d.jpg,4479401,390461123,徐大sao
http://i0.hdslb.com/bfs/face/958f13536f6ee9d9693bc271881022e55d77c5f4.jpg,2520076,8366990,-欣小萌-
http://i1.hdslb.com/bfs/face/7ce59c5aee20e19b47a5dd5a58ddd13aeffa697f.jpg,2431048,10119428,小片片说大片
http://i1.hdslb.com/bfs/face/801484facf1369661b45a069b894e02cd3528f68.jpg,1354971,185546,小可儿
http://i1.hdslb.com/bfs/face/834eb0de8d2f470bf03e4ea92831b14f3824c863.jpg,3496527,5970160,小潮院长
http://i0.hdslb.com/bfs/face/a22f28e1190fab6f7fa2b81fadae1974cadf02f4.jpg,4206398,168598,逍遥散人
http://i0.hdslb.com/bfs/face/e78a0ec3ae75e953948677062f034eb93c7302d5.jpg,6030951,196356191,翔翔大作战
http://i0.hdslb.com/bfs/face/227617e1021a0e416e0595acaee82efc5bffe515.jpg,3179672,3957971,贤宝宝Baby
http://i0.hdslb.com/bfs/face/ec008e32064705c576f3ffd73d20288e441d945f.jpg,2080064,35359510,远古时代装机猿
http://i2.hdslb.com/bfs/face/0ff0a2437684f4582dec01a6b57df299eac900fa.jpg,1820311,26240675,与山0v0
http://i2.hdslb.com/bfs/face/c1733474892caa45952b2c09a89323157df7129a.jpg,1442066,946974,影视飓风
http://i0.hdslb.com/bfs/face/6c36ec15f6d7ddd9bdb558511521bd0256779e1c.jpg,5311252,375375,伊丽莎白鼠
http://i1.hdslb.com/bfs/face/bcdf640faa16ebaacea1d4c930baabaec9087a80.jpg,2561733,322892,痒局长
http://i1.hdslb.com/bfs/face/8fad84a4470f3d894d8f0dc95555ab8f2cb10a83.jpg,3209519,116683,=咬人猫=
http://i2.hdslb.com/bfs/face/48ad92f9e0eb9516f491ed18457e2a73e865ea8c.jpg,4641787,437316738,朱一旦的枯燥生活
http://i2.hdslb.com/bfs/face/3343a1a609d95c669671b0b4e57484708fb6760c.jpg,6380658,62540916,周六野Zoey
http://i2.hdslb.com/bfs/face/068939602dae190c86f6b36ca301281d7d8aa6d9.jpg,5577544,562197,中国BOY超级大猩猩
http://i0.hdslb.com/bfs/face/7ad1414215e6529dd6308a990b57ccc0a948a0c2.jpg,1623170,326246517,zettaranc
